id,home_team,home_classification,home_conference,home_VoA_rating,away_team,away_classification,away_conference,away_VoA_rating,Proj_Winner,Proj_Margin,win_prob
401871049,New Mexico State,fbs,Conference USA,-25.734787640416815,Western Kentucky,fbs,Conference USA,-20.814634574764582,Western Kentucky,2.920153065652233,0.6046591327098355
401862786,Tulsa,fbs,American Athletic,-20.733613692682997,North Texas,fbs,American Athletic,-6.313898782984133,North Texas,12.419714909698865,0.7703698528969622
401858245,Virginia Tech,fbs,ACC,-6.339390881147483,Pittsburgh,fbs,ACC,5.6168697119825115,Pittsburgh,9.956260593129993,0.7323634045305805
401871050,Delaware,fbs,Conference USA,-23.524163036420696,Liberty,fbs,Conference USA,-12.059117048697379,Liberty,9.465045987723316,0.7243223883237859
401858476,Northwestern,fbs,Big Ten,-8.134524446777476,Penn State,fbs,Big Ten,7.838153858168666,Penn State,13.972678304946143,0.7922162539877655
401868094,Idaho,fcs,Big Sky,0.11566856441059681,Montana State,fcs,Big Sky,9.626661839104582,Montana State,7.510993274693985,0.6908973991232499
401856707,Mississippi State,fbs,SEC,6.823110328674057,Alabama,fbs,SEC,18.959938695805093,Alabama,10.136828367131036,0.7352916968324268
401856807,Kansas,fbs,Big 12,5.072440453219864,Middle Tennessee,fbs,Conference USA,-27.352209952933705,Kansas,34.42465040615357,0.9537658090107131
401856819,Houston,fbs,Big 12,0.9931128029673567,UCF,fbs,Big 12,-2.063550125719809,Houston,5.056662928687166,0.6460441540690254
401856822,Iowa State,fbs,Big 12,0.1979638136774083,West Virginia,fbs,Big 12,-7.7603896802392045,Iowa State,9.958353493916613,0.7323977440409852
401858246,SMU,fbs,ACC,9.655888763317144,Boston College,fbs,ACC,-9.880817535539233,SMU,21.536706298856377,0.8767976410811843
401858250,North Carolina,fbs,ACC,-3.7914430205396017,Notre Dame,fbs,FBS Independents,19.539244995246392,Notre Dame,21.330688015785995,0.8749514533779633
401858251,Wake Forest,fbs,ACC,-4.673429465007273,Stanford,fbs,ACC,-19.13340073477919,Wake Forest,16.459971269771916,0.8239894191424968
401858252,UConn,fbs,FBS Independents,1.3075571547977738,Syracuse,fbs,ACC,-2.268082238756256,UConn,5.575639393554029,0.65582097385263
401858474,Minnesota,fbs,Big Ten,-5.198666030620307,Michigan,fbs,Big Ten,6.618055928276826,Michigan,9.816721958897134,0.7300942458355568
401862791,Air Force,fbs,Mountain West,-18.786277916744133,Navy,fbs,American Athletic,-13.0398899803746,Navy,3.7463879363695334,0.6208628503841627
401866654,Rhode Island,fcs,Coastal Athletic,3.5299828208960538,Brown,fcs,Ivy,0.8010124733476575,Rhode Island,4.728970347548397,0.6398138266441897
401867819,Columbia,fcs,Ivy,-1.3194727355106508,Princeton,fcs,Ivy,-1.3852352370377499,Columbia,2.0657625015270993,0.5876074860151259
401867899,Central Connecticut,fcs,NEC,-6.235853716450166,Wagner,fcs,NEC,-7.4835530611748355,Central Connecticut,3.247699344724669,0.6111168932973414
401868010,Lehigh,fcs,Patriot,7.175869646884738,Fordham,fcs,Patriot,-4.528169586220209,Lehigh,13.704039233104947,0.7885554100528436
401870840,Yale,fcs,Ivy,1.963198614697528,Merrimack,fcs,FCS Independents,-5.825842438751535,Yale,9.789041053449063,0.7296492795159457
401858479,Wisconsin,fbs,Big Ten,-7.705111467815421,Michigan State,fbs,Big Ten,-7.7525671703389,Wisconsin,2.0474557025234796,0.5872400507459236
401867828,Georgetown,fcs,Patriot,0.25181660312851023,Cornell,fcs,Ivy,0.285592414841219,Georgetown,1.966224188287291,0.585617016042173
401868029,Lafayette,fcs,Patriot,-0.43280216860477744,Richmond,fcs,Patriot,-1.2185339562417308,Lafayette,2.785731787636953,0.6019890669829081
401856705,Georgia,fbs,SEC,22.378431911011962,Vanderbilt,fbs,SEC,5.485391778219698,Georgia,18.893040132792265,0.8512728078726616
401866432,Buffalo,fbs,Mid-American,-28.27957202810602,Western Michigan,fbs,Mid-American,-30.50029354344545,Buffalo,4.220721515339431,0.6300737394042829
401866650,New Hampshire,fcs,Coastal Athletic,-4.427004327939455,Elon,fcs,Coastal Athletic,4.422640803003119,Elon,6.849645130942574,0.6791727905735154
401866651,Monmouth,fcs,Coastal Athletic,5.147768920691059,Towson,fcs,Coastal Athletic,0.6112470435272328,Monmouth,6.536521877163826,0.673518315361548
401867967,Villanova,fcs,Patriot,1.7166210989818225,Morgan State,fcs,MEAC,-2.0764130262972254,Villanova,5.793034125279048,0.6598549028550801
401868228,Drake,fcs,Pioneer,0.003507866666987436,Dayton,fcs,Pioneer,2.348395842114614,Dayton,0.3448879754476266,0.5527965031663504
401868264,Stetson,fcs,Pioneer,-10.68979599843939,Marist,fcs,Pioneer,-0.045509660271770114,Marist,8.64428633816762,0.7105674026478932
401868270,Morehead State,fcs,Pioneer,-7.6650212538772164,Valparaiso,fcs,Pioneer,-5.07448998505427,Valparaiso,0.5905312688229465,0.5578233539121746
401868276,Presbyterian,fcs,Pioneer,2.9113986432025403,St. Thomas (MN),fcs,Pioneer,3.4514501257171246,Presbyterian,1.4599485174854157,0.5754235197100518
401867835,Dartmouth,fcs,Ivy,1.698829683044242,Pennsylvania,fcs,Ivy,-1.1889822642269054,Dartmouth,4.887811947271148,0.6428517225950703
401868381,VMI,fcs,Southern,-9.7836975097518,Mercer,fcs,Southern,5.325536383198834,Mercer,13.109233892950634,0.7802843049940489
401866431,Ball State,fbs,Mid-American,-38.695214650359624,Toledo,fbs,Mid-American,-13.618846970569932,Toledo,23.07636767978969,0.889871410874175
401867869,North Dakota,fcs,MVFC,1.633451038691482,Murray State,fcs,MVFC,-7.387244786545111,North Dakota,11.020695825236594,0.7492791462244365
401867918,Robert Morris,fcs,NEC,-2.996145922971653,Norfolk State,fcs,MEAC,-0.7511392354693456,Norfolk State,0.24500668750230759,0.5507639712096878
401867986,South Carolina State,fcs,MEAC,6.891424495029421,The Citadel,fcs,Southern,-6.030435269046841,South Carolina State,14.921859764076261,0.80482188750109
401868375,Furman,fcs,Southern,-4.0090421551676565,Wofford,fcs,Southern,-1.8415264145724195,Wofford,0.167515740595237,0.549186288441111
401866656,Hampton,fcs,Coastal Athletic,-4.096078232578185,Howard,fcs,MEAC,-6.5093407754366135,Hampton,2.413262542858429,0.5945725408276741
401867859,South Dakota,fcs,MVFC,1.8639320490195026,Indiana State,fcs,MVFC,-2.7777872333163707,South Dakota,6.641719282335873,0.6754278673339349
401868359,Grambling,fcs,SWAC,-1.7344486914562374,Alcorn State,fcs,SWAC,1.870852552697453,Alcorn State,1.6053012441536905,0.5783562031015732
401868965,Mississippi Valley State,fcs,SWAC,-8.292830512579403,Prairie View A&M,fcs,SWAC,-0.20952860537505716,Prairie View A&M,6.083301907204346,0.6652287838525117
401856708,Missouri,fbs,SEC,7.192543394989174,Florida,fbs,SEC,11.373144199828289,Florida,2.1806008048391146,0.5899120273725342
401856710,Tennessee,fbs,SEC,16.25560761793875,Auburn,fbs,SEC,7.748205014687567,Tennessee,10.507402603251183,0.7412149583219723
401858247,UNLV,fbs,Mountain West,-14.068289273619486,California,fbs,ACC,-17.41467349266718,UNLV,5.346384219047694,0.6515108806699723
401858248,NC State,fbs,ACC,0.3286404834629023,Louisville,fbs,ACC,1.133633608534765,NC State,1.1950068749281373,0.5700986546409996
401858253,Florida State,fbs,ACC,2.057006284733334,Virginia,fbs,ACC,-5.217142917012022,Florida State,9.274149201745356,0.7211782019100736
401858473,Iowa,fbs,Big Ten,2.7176961593045528,Ohio State,fbs,Big Ten,26.271692184462257,Ohio State,21.553996025157705,0.8769510570060188
401862787,Charlotte,fbs,American Athletic,-31.974270830434087,Memphis,fbs,American Athletic,0.7800437184507013,Memphis,30.75431454888479,0.938398380450099
401862793,UAB,fbs,American Athletic,-2.02235590426643,Samford,fcs,Southern,-21.360444534320735,UAB,21.338088630054305,0.8750194739653726
401864515,North Dakota State,fbs,Mountain West,-13.554561976056274,Wyoming,fbs,Mountain West,-24.107591209945515,North Dakota State,12.55302923388924,0.7723034139396996
401866430,Central Michigan,fbs,Mid-American,-27.80423398415859,Akron,fbs,Mid-American,-35.39983318290596,Central Michigan,9.595599198747369,0.7264764482376744
401866433,Massachusetts,fbs,Mid-American,-34.74210391892884,Eastern Michigan,fbs,Mid-American,-28.36756579727408,Eastern Michigan,4.374538121654762,0.6330156201458652
401866434,Kent State,fbs,Mid-American,-34.061927856388394,Ohio,fbs,Mid-American,-16.558386504358293,Ohio,15.503541352030101,0.8122505973134856
401866477,Miami (OH),fbs,Mid-American,-20.382570083816894,Bowling Green,fbs,Mid-American,-32.13092203707767,Miami (OH),13.748351953260773,0.789163773054976
401866652,Maine,fcs,Coastal Athletic,-4.843975334237175,Sacred Heart,fcs,Coastal Athletic,-1.942512339289431,Sacred Heart,0.9014629949477442,0.5641728808948101
401866655,UAlbany,fcs,Coastal Athletic,-5.472144251890547,Delaware State,fcs,MEAC,0.5345670831764984,Delaware State,4.006711335067045,0.6259218084186923
401868025,William & Mary,fcs,Patriot,-2.63188599940616,Holy Cross,fcs,Patriot,-6.008299721297139,William & Mary,5.376413721890979,0.652078056927167
401868339,East Tennessee State,fcs,Southern,3.2785318133289763,Chattanooga,fcs,Southern,0.5460220943743692,East Tennessee State,4.732509718954607,0.6398838853170365
401869956,Georgia State,fbs,Sun Belt,-16.3078959806139,Old Dominion,fbs,Sun Belt,-8.318768728005319,Old Dominion,5.989127252608581,0.6635110789735532
401869962,James Madison,fbs,Sun Belt,-5.714929716443622,Marshall,fbs,Sun Belt,-23.374007572962586,James Madison,19.659077856518962,0.8590951305408259
401858475,Nebraska,fbs,Big Ten,4.007143054252444,Maryland,fbs,Big Ten,-5.689476066249593,Nebraska,11.696619120502039,0.7596193091430834
401864514,New Mexico,fbs,Mountain West,-21.864607048587562,UTEP,fbs,Mountain West,-33.11238499510443,New Mexico,13.247777946516866,0.782236639781914
401868114,Montana,fcs,Big Sky,4.378347289889738,Northern Colorado,fcs,Big Sky,-2.033080992382195,Montana,8.411428282271933,0.706578495859665
401868197,Western Illinois,fcs,OVC,-1.7925407673857503,Tennessee State,fcs,OVC,-8.28123244549415,Western Illinois,8.488691678108399,0.7079026263178984
401868220,San Diego,fcs,Pioneer,-2.2860757057745387,Davidson,fcs,Pioneer,-3.4213769136372743,San Diego,3.1353012078627356,0.6089150207855202
401868328,Bethune-Cookman,fcs,SWAC,-4.246694110778569,Alabama State,fcs,SWAC,8.915947562673287,Alabama State,11.162641673451855,0.7514787081245022
401856709,South Carolina,fbs,SEC,4.214865927258475,Kentucky,fbs,SEC,0.2613115688518526,South Carolina,5.953554358406622,0.6628535896833609
401858472,Illinois,fbs,Big Ten,-1.426388027288353,Purdue,fbs,Big Ten,-18.389543765876425,Illinois,18.96315573858807,0.8520011777256884
401867891,Southern Illinois,fcs,MVFC,1.2405539815902258,Youngstown State,fcs,MVFC,0.3801973993531361,Southern Illinois,2.8603565822370896,0.6034626891857442
401868295,Jackson State,fcs,SWAC,9.124023366701735,Alabama A&M,fcs,SWAC,0.7929395478069019,Jackson State,8.331083818894832,0.7051997666801813
401860899,Colorado State,fbs,Pac-12,-20.47696738730213,Oregon State,fbs,Pac-12,-14.238971977478704,Oregon State,4.237995409823425,0.6304000504950849
401862790,Florida Atlantic,fbs,American Athletic,-3.652372360722982,Texas Southern,fcs,SWAC,-16.388354801231188,Florida Atlantic,14.735982440508206,0.802389387931375
401866653,Bryant,fcs,Coastal Athletic,-1.6532699024895743,North Carolina A&T,fcs,Coastal Athletic,-8.114653098725238,Bryant,8.461383196235664,0.7074368227213039
401866657,North Carolina Central,fcs,MEAC,-1.4225024258050671,Campbell,fcs,Coastal Athletic,-3.8647301152677658,North Carolina Central,4.442227689462698,0.6343129225491446
401868143,Eastern Kentucky,fcs,UAC,-2.8133740206379203,North Alabama,fcs,UAC,-1.885824501275541,Eastern Kentucky,1.0724504806376207,0.5676372361693088
401868173,Charleston Southern,fcs,OVC,-3.811526817758743,Gardner-Webb,fcs,OVC,-3.3965961166818213,Charleston Southern,1.5850692989230781,0.5779457525663205
401868309,Stephen F. Austin,fcs,Southland,3.594505469963989,Incarnate Word,fcs,Southland,-2.114820082815961,Stephen F. Austin,7.7093255527799505,0.6944011683604272
401868391,Western Carolina,fcs,Southern,0.19594376663407156,Tennessee Tech,fcs,Southern,5.624547261887647,Tennessee Tech,3.4286034952535758,0.6146778286043033
401856711,Texas A&M,fbs,SEC,11.170173802722248,Arkansas,fbs,SEC,3.7680609830401237,Texas A&M,9.402112819682124,0.7232862289040367
401856818,TCU,fbs,Big 12,8.562175158434464,BYU,fbs,Big 12,12.27496511585827,BYU,1.7127899574238068,0.5805155177951398
401862788,Rice,fbs,American Athletic,-23.567047481996482,UTSA,fbs,American Athletic,-12.23390545939041,UTSA,9.333142022606072,0.7221479600720884
401867840,Harvard,fcs,Ivy,1.624075853568266,Colgate,fcs,Patriot,-1.191351333229877,Harvard,4.815427186798143,0.6414744113972104
401867848,Illinois State,fcs,MVFC,-0.8510349699849995,South Dakota State,fcs,MVFC,2.836816396515218,South Dakota State,1.6878513665002177,0.5800180092914566
401868936,Southern,fcs,SWAC,-4.607560920575241,Arkansas-Pine Bluff,fcs,SWAC,-3.130396857253497,Southern,0.5228359366782556,0.5564448686841874
401869131,Lamar,fcs,Southland,-2.798258695446536,Northwestern State,fcs,Southland,-13.990456722565424,Lamar,13.192198027118888,0.78145307495042
401869151,Houston Christian,fcs,Southland,-5.881947629030329,Nicholls,fcs,Southland,-6.607455041079627,Houston Christian,2.7255074120492973,0.6007854817578024
401869942,Coastal Carolina,fbs,Sun Belt,-22.249784499063818,Georgia Southern,fbs,Sun Belt,-18.14552990130139,Georgia Southern,2.104254597762427,0.5883717844474091
401871089,South Alabama,fbs,Sun Belt,-18.769131704408707,UL Monroe,fbs,Sun Belt,-30.334032116779667,South Alabama,13.56490041237096,0.7866443235999094
401856821,Colorado,fbs,Big 12,-8.474718871492223,Texas Tech,fbs,Big 12,6.269222115850961,Texas Tech,12.743940987343183,0.7750626880365801
401858249,Clemson,fbs,ACC,-4.848458959654868,Miami,fbs,ACC,19.495315619084128,Miami,22.343774578738994,0.8838035947223445
401858478,USC,fbs,Big Ten,12.767634920083275,Washington,fbs,Big Ten,11.196575427649812,USC,3.571059492433463,0.6174495303860926
401860898,Boise State,fbs,Pac-12,-2.1622598802655157,Utah State,fbs,Pac-12,-16.156036654607224,Boise State,15.993776774341708,0.8183279701161857
401862792,South Florida,fbs,American Athletic,0.6262992878254843,Temple,fbs,American Athletic,-20.416879110617067,South Florida,23.043178398442553,0.8896004209389753
401869842,Louisiana Tech,fbs,Sun Belt,-23.557487462989496,Army,fbs,American Athletic,-18.647869193398186,Army,2.9096182695913093,0.6044517590424044
401856706,LSU,fbs,SEC,28.010066624771284,McNeese,fcs,Southland,-13.971988615377887,LSU,43.98205524014917,0.9784524389516218
401858477,Rutgers,fbs,Big Ten,-1.3274495575349647,Indiana,fbs,Big Ten,19.08835615667593,Indiana,18.415805714210894,0.8461979612344603
401868077,Cal Poly,fcs,Big Sky,-0.2138015913405184,Weber State,fcs,Big Sky,-3.005060537789417,Cal Poly,4.791258946448899,0.6410038680690241
401868104,Idaho State,fcs,Big Sky,2.5174111110175827,Northern Arizona,fcs,Big Sky,-3.439647452214316,Idaho State,7.957058563231898,0.6987280825297452
401868160,Utah Tech,fcs,Big Sky,-8.94688141679605,Southern Utah,fcs,Big Sky,1.9411196501730617,Southern Utah,8.88800106696911,0.7147100915020503
401869932,Louisiana,fbs,Sun Belt,-11.501554287350377,Arkansas State,fbs,Sun Belt,-22.63878571682977,Louisiana,13.137231429479392,0.780679429028098
401860921,Washington State,fbs,Pac-12,-18.498789978886222,Fresno State,fbs,Pac-12,-17.990992581587232,Washington State,1.4922026027010098,0.5760789122491544
401856817,Arizona State,fbs,Big 12,-0.022234462091175577,Baylor,fbs,Big 12,0.23197582788547244,Arizona State,1.745789710023352,0.5811800500149422
401860900,San Diego State,fbs,Pac-12,-18.307822853808247,Texas State,fbs,Pac-12,-2.5293290657845633,Texas State,13.778493788023685,0.7895763139756851
401868086,UC Davis,fcs,Big Sky,0.8785526556640899,Eastern Washington,fcs,Big Sky,-5.77699813327928,UC Davis,8.65555078894337,0.7107627489852757
401856820,Arizona,fbs,Big 12,3.2624228004785127,Cincinnati,fbs,Big 12,8.281217623109688,Cincinnati,3.0187948226311754,0.606622453058211
401864513,Hawai'i,fbs,Mountain West,-27.3110277150649,San José State,fbs,Mountain West,-22.33467009455162,San José State,2.97635762051328,0.6057801301375783
