id,season,week,completed,home_team,home_classification,home_points,away_team,away_classification,away_points,result,winner,mean_spread,home_moneyline,away_moneyline,proj_margin,VoA_AE,vegas_AE,VoA_SE,vegas_SE,VoA_correct_winner,vegas_correct_winner,VoA_ATS_winner,VoA_AEATS_winner,payout,profit
401856766,2026,1,true,TCU,fbs,10,North Carolina,fbs,15,5,North Carolina,-7.5,,,-3.984959734188722,8.984959734188722,12.5,80.72950142499268,156.25,0,0,1,1,-1.0,-1.0
401856766,2026,1,true,TCU,fbs,10,North Carolina,fbs,15,5,North Carolina,-7.5,-310,250,-3.984959734188722,8.984959734188722,12.5,80.72950142499268,156.25,0,0,1,1,-1.0,-1.0
401856766,2026,1,true,TCU,fbs,10,North Carolina,fbs,15,5,North Carolina,-7.5,-235,195,-3.984959734188722,8.984959734188722,12.5,80.72950142499268,156.25,0,0,1,1,-1.0,-1.0
401864494,2026,1,true,USC,fbs,42,San José State,fbs,26,-16,USC,-37.5,,,-42.324883348612595,26.324883348612595,21.5,692.9994833180607,462.25,1,1,0,0,0.0,0.0
401864494,2026,1,true,USC,fbs,42,San José State,fbs,26,-16,USC,-37.5,-100000,5000,-42.324883348612595,26.324883348612595,21.5,692.9994833180607,462.25,1,1,0,0,1.001,0.0009999999999998899
401864494,2026,1,true,USC,fbs,42,San José State,fbs,26,-16,USC,-37.0,-100000,3500,-42.324883348612595,26.324883348612595,21.0,692.9994833180607,441.0,1,1,0,0,1.001,0.0009999999999998899
401858202,2026,1,true,Virginia,fbs,34,NC State,fbs,8,-26,Virginia,-4.0,-145,125,8.20390932390489,34.20390932390489,22.0,1169.9074130379076,484.0,0,1,0,0,-1.0,-1.0
401858202,2026,1,true,Virginia,fbs,34,NC State,fbs,8,-26,Virginia,-4.0,,,8.20390932390489,34.20390932390489,22.0,1169.9074130379076,484.0,0,1,0,0,-1.0,-1.0
401858202,2026,1,true,Virginia,fbs,34,NC State,fbs,8,-26,Virginia,-4.0,-185,154,8.20390932390489,34.20390932390489,22.0,1169.9074130379076,484.0,0,1,0,0,-1.0,-1.0
401864577,2026,1,true,North Dakota State,fbs,33,Jacksonville State,fbs,7,-26,North Dakota State,-6.5,,,-20.053863658718495,5.946136341281505,19.5,35.35653738910861,380.25,1,1,1,1,0.0,0.0
401864577,2026,1,true,North Dakota State,fbs,33,Jacksonville State,fbs,7,-26,North Dakota State,-7.0,-330,265,-20.053863658718495,5.946136341281505,19.0,35.35653738910861,361.0,1,1,1,1,1.303030303030303,0.303030303030303
401864577,2026,1,true,North Dakota State,fbs,33,Jacksonville State,fbs,7,-26,North Dakota State,-6.5,-265,215,-20.053863658718495,5.946136341281505,19.5,35.35653738910861,380.25,1,1,1,1,1.3773584905660377,0.37735849056603765
401866408,2026,1,true,Eastern Michigan,fbs,28,Sacramento State,fbs,17,-11,Eastern Michigan,-9.5,,,7.401644194453393,18.401644194453393,1.5,338.62050905926026,2.25,0,1,0,0,-1.0,-1.0
401866408,2026,1,true,Eastern Michigan,fbs,28,Sacramento State,fbs,17,-11,Eastern Michigan,-8.5,-355,280,7.401644194453393,18.401644194453393,2.5,338.62050905926026,6.25,0,1,0,0,-1.0,-1.0
401866408,2026,1,true,Eastern Michigan,fbs,28,Sacramento State,fbs,17,-11,Eastern Michigan,-9.0,-330,265,7.401644194453393,18.401644194453393,2.0,338.62050905926026,4.0,0,1,0,0,-1.0,-1.0
401864570,2026,1,true,Florida State,fbs,34,New Mexico State,fbs,17,-17,Florida State,-30.5,,,-40.31643085954013,23.316430859540127,13.5,543.6559480277151,182.25,1,1,0,0,0.0,0.0
401864570,2026,1,true,Florida State,fbs,34,New Mexico State,fbs,17,-17,Florida State,-31.5,-8000,2200,-40.31643085954013,23.316430859540127,14.5,543.6559480277151,210.25,1,1,0,0,1.0125,0.012499999999999956
401864570,2026,1,true,Florida State,fbs,34,New Mexico State,fbs,17,-17,Florida State,-31.0,-100000,2800,-40.31643085954013,23.316430859540127,14.0,543.6559480277151,196.0,1,1,0,0,1.001,0.0009999999999998899
401858201,2026,1,true,Stanford,fbs,37,Hawai'i,fbs,27,-10,Stanford,-4.5,-205,170,-0.6252493313813154,9.374750668618685,5.5,87.88595009876647,30.25,1,1,0,0,1.4878048780487805,0.4878048780487805
401858201,2026,1,true,Stanford,fbs,37,Hawai'i,fbs,27,-10,Stanford,-4.5,,,-0.6252493313813154,9.374750668618685,5.5,87.88595009876647,30.25,1,1,0,0,0.0,0.0
401858201,2026,1,true,Stanford,fbs,37,Hawai'i,fbs,27,-10,Stanford,-5.0,-170,145,-0.6252493313813154,9.374750668618685,5.0,87.88595009876647,25.0,1,1,0,0,1.5882352941176472,0.5882352941176472
401862693,2026,1,true,UNLV,fbs,21,Memphis,fbs,27,6,Memphis,-4.0,-198,164,0.3850476090749251,5.614952390925075,10.0,31.52769035235522,100.0,1,0,1,1,2.64,1.6400000000000001
401862693,2026,1,true,UNLV,fbs,21,Memphis,fbs,27,6,Memphis,-4.5,,,0.3850476090749251,5.614952390925075,10.5,31.52769035235522,110.25,1,0,1,1,0.0,0.0
401862693,2026,1,true,UNLV,fbs,21,Memphis,fbs,27,6,Memphis,-5.0,-170,145,0.3850476090749251,5.614952390925075,11.0,31.52769035235522,121.0,1,0,1,1,2.45,1.4500000000000002
401858423,2026,1,true,Rutgers,fbs,21,Massachusetts,fbs,37,16,Massachusetts,-29.25,,,-38.42671116448164,54.42671116448164,45.25,2962.2668881819104,2047.5625,0,0,0,0,-1.0,-1.0
401858423,2026,1,true,Rutgers,fbs,21,Massachusetts,fbs,37,16,Massachusetts,-29.5,-8000,2200,-38.42671116448164,54.42671116448164,45.5,2962.2668881819104,2070.25,0,0,0,0,-1.0,-1.0
401858204,2026,1,true,Wake Forest,fbs,38,Akron,fbs,16,-22,Wake Forest,-27.5,,,-35.74035018331266,13.740350183312657,5.5,188.79722316006016,30.25,1,1,0,0,0.0,0.0
401858204,2026,1,true,Wake Forest,fbs,38,Akron,fbs,16,-22,Wake Forest,-27.5,-3500,1100,-35.74035018331266,13.740350183312657,5.5,188.79722316006016,30.25,1,1,0,0,1.0285714285714285,0.02857142857142847
401858204,2026,1,true,Wake Forest,fbs,38,Akron,fbs,16,-22,Wake Forest,-27.5,-3600,1500,-35.74035018331266,13.740350183312657,5.5,188.79722316006016,30.25,1,1,0,0,1.0277777777777777,0.02777777777777768
401856776,2026,1,true,Georgia Tech,fbs,13,Colorado,fbs,14,1,Colorado,-6.5,-238,195,-21.664668046879193,22.664668046879193,7.5,513.6871776752267,56.25,0,0,0,0,-1.0,-1.0
401856776,2026,1,true,Georgia Tech,fbs,13,Colorado,fbs,14,1,Colorado,-6.5,,,-21.664668046879193,22.664668046879193,7.5,513.6871776752267,56.25,0,0,0,0,-1.0,-1.0
401856776,2026,1,true,Georgia Tech,fbs,13,Colorado,fbs,14,1,Colorado,-6.5,-290,240,-21.664668046879193,22.664668046879193,7.5,513.6871776752267,56.25,0,0,0,0,-1.0,-1.0
401858424,2026,1,true,Illinois,fbs,42,UAB,fbs,23,-19,Illinois,-26.5,-8000,1400,-23.132563713243528,4.132563713243528,7.5,17.078082844017132,56.25,1,1,1,1,1.0125,0.012499999999999956
401858424,2026,1,true,Illinois,fbs,42,UAB,fbs,23,-19,Illinois,-25.5,,,-23.132563713243528,4.132563713243528,6.5,17.078082844017132,42.25,1,1,1,1,0.0,0.0
401858424,2026,1,true,Illinois,fbs,42,UAB,fbs,23,-19,Illinois,-25.5,-3600,1500,-23.132563713243528,4.132563713243528,6.5,17.078082844017132,42.25,1,1,1,1,1.0277777777777777,0.02777777777777768
401864495,2026,1,true,Eastern Michigan,fbs,21,San José State,fbs,27,6,San José State,-1.5,-115,-105,3.380206612476311,2.619793387523689,7.5,6.863317393312847,56.25,1,0,1,1,1.9523809523809523,0.9523809523809523
401864495,2026,1,true,Eastern Michigan,fbs,21,San José State,fbs,27,6,San José State,-1.5,,,3.380206612476311,2.619793387523689,7.5,6.863317393312847,56.25,1,0,1,1,0.0,0.0
401864495,2026,1,true,Eastern Michigan,fbs,21,San José State,fbs,27,6,San José State,-1.5,-170,145,3.380206612476311,2.619793387523689,7.5,6.863317393312847,56.25,1,0,1,1,2.45,1.4500000000000002
401858429,2026,1,true,Michigan State,fbs,30,Toledo,fbs,20,-10,Michigan State,-10.0,,,-0.32468297308750316,9.675317026912497,0.0,93.61175957126288,0.0,1,1,0,0,0.0,0.0
401858429,2026,1,true,Michigan State,fbs,30,Toledo,fbs,20,-10,Michigan State,-10.0,-410,305,-0.32468297308750316,9.675317026912497,0.0,93.61175957126288,0.0,1,1,0,0,1.2439024390243902,0.24390243902439024
401858429,2026,1,true,Michigan State,fbs,30,Toledo,fbs,20,-10,Michigan State,-10.0,-410,320,-0.32468297308750316,9.675317026912497,0.0,93.61175957126288,0.0,1,1,0,0,1.2439024390243902,0.24390243902439024
401856664,2026,1,true,Oklahoma,fbs,51,UTEP,fbs,0,-51,Oklahoma,-40.666666666666664,,,-33.720456575257245,17.279543424742755,10.333333333333336,298.58262096757056,106.77777777777783,1,1,0,0,0.0,0.0
401858436,2026,1,true,USC,fbs,39,Fresno State,fbs,0,-39,USC,-21.5,-1800,1000,-36.07388697097259,2.9261130290274124,17.5,8.562137458643978,306.25,1,1,1,1,1.0555555555555556,0.05555555555555558
401858436,2026,1,true,USC,fbs,39,Fresno State,fbs,0,-39,USC,-22.5,-3500,1100,-36.07388697097259,2.9261130290274124,16.5,8.562137458643978,272.25,1,1,1,1,1.0285714285714285,0.02857142857142847
401858436,2026,1,true,USC,fbs,39,Fresno State,fbs,0,-39,USC,-21.5,,,-36.07388697097259,2.9261130290274124,17.5,8.562137458643978,306.25,1,1,1,1,0.0,0.0
401858206,2026,1,true,Stanford,fbs,6,Miami,fbs,45,39,Miami,24.5,1600,-4000,33.19200950102784,5.80799049897216,14.5,33.732753636150875,210.25,1,1,1,1,1.025,0.02499999999999991
401858206,2026,1,true,Stanford,fbs,6,Miami,fbs,45,39,Miami,24.5,1100,-3500,33.19200950102784,5.80799049897216,14.5,33.732753636150875,210.25,1,1,1,1,1.0285714285714285,0.02857142857142847
401858206,2026,1,true,Stanford,fbs,6,Miami,fbs,45,39,Miami,24.5,,,33.19200950102784,5.80799049897216,14.5,33.732753636150875,210.25,1,1,1,1,0.0,0.0
401856778,2026,1,true,Houston,fbs,33,Oregon State,fbs,20,-13,Houston,-20.5,-1300,725,-5.20523568914834,7.79476431085166,7.5,60.75835066172675,56.25,1,1,1,0,1.0769230769230769,0.07692307692307687
401856778,2026,1,true,Houston,fbs,33,Oregon State,fbs,20,-13,Houston,-21.0,-1450,850,-5.20523568914834,7.79476431085166,8.0,60.75835066172675,64.0,1,1,1,1,1.0689655172413792,0.06896551724137923
401856778,2026,1,true,Houston,fbs,33,Oregon State,fbs,20,-13,Houston,-21.0,,,-5.20523568914834,7.79476431085166,8.0,60.75835066172675,64.0,1,1,1,1,0.0,0.0
401869960,2026,1,true,James Madison,fbs,20,Liberty,fbs,13,-7,James Madison,-6.0,-225,185,-13.438336749545623,6.438336749545623,1.0,41.452180100549704,1.0,1,1,1,0,1.4444444444444444,0.4444444444444444
401869960,2026,1,true,James Madison,fbs,20,Liberty,fbs,13,-7,James Madison,-6.0,-250,210,-13.438336749545623,6.438336749545623,1.0,41.452180100549704,1.0,1,1,1,0,1.4,0.3999999999999999
401869960,2026,1,true,James Madison,fbs,20,Liberty,fbs,13,-7,James Madison,-6.0,,,-13.438336749545623,6.438336749545623,1.0,41.452180100549704,1.0,1,1,1,0,0.0,0.0
401856780,2026,1,true,West Virginia,fbs,31,Coastal Carolina,fbs,24,-7,West Virginia,-21.0,-1725,-100000,-17.64920350352904,10.64920350352904,14.0,113.40553525957519,196.0,1,1,1,1,1.0579710144927537,0.05797101449275366
401856780,2026,1,true,West Virginia,fbs,31,Coastal Carolina,fbs,24,-7,West Virginia,-21.0,,,-17.64920350352904,10.64920350352904,14.0,113.40553525957519,196.0,1,1,1,1,0.0,0.0
401856780,2026,1,true,West Virginia,fbs,31,Coastal Carolina,fbs,24,-7,West Virginia,-21.0,-1450,850,-17.64920350352904,10.64920350352904,14.0,113.40553525957519,196.0,1,1,1,1,1.0689655172413792,0.06896551724137923
401858425,2026,1,true,Indiana,fbs,52,North Texas,fbs,16,-36,Indiana,-39.833333333333336,,,-25.267953498237624,10.732046501762376,3.8333333333333357,115.17682211599005,14.694444444444462,1,1,1,0,0.0,0.0
401858430,2026,1,true,Nebraska,fbs,49,Ohio,fbs,21,-28,Nebraska,-23.5,-2100,1100,-9.03312422969359,18.96687577030641,4.5,359.7423764862363,20.25,1,1,0,0,1.0476190476190477,0.04761904761904767
401858430,2026,1,true,Nebraska,fbs,49,Ohio,fbs,21,-28,Nebraska,-23.5,,,-9.03312422969359,18.96687577030641,4.5,359.7423764862363,20.25,1,1,0,0,0.0,0.0
401858430,2026,1,true,Nebraska,fbs,49,Ohio,fbs,21,-28,Nebraska,-24.0,-2800,1100,-9.03312422969359,18.96687577030641,4.0,359.7423764862363,16.0,1,1,0,0,1.0357142857142858,0.03571428571428581
401856634,2026,1,true,Alabama,fbs,48,East Carolina,fbs,10,-38,Alabama,-28.0,-7500,1400,-23.705938864487784,14.294061135512216,10.0,204.32018374576077,100.0,1,1,0,0,1.0133333333333334,0.01333333333333342
401856634,2026,1,true,Alabama,fbs,48,East Carolina,fbs,10,-38,Alabama,-27.5,-5000,1800,-23.705938864487784,14.294061135512216,10.5,204.32018374576077,110.25,1,1,0,0,1.02,0.020000000000000018
401856634,2026,1,true,Alabama,fbs,48,East Carolina,fbs,10,-38,Alabama,-28.5,,,-23.705938864487784,14.294061135512216,9.5,204.32018374576077,90.25,1,1,0,0,0.0,0.0
401858207,2026,1,true,Pittsburgh,fbs,59,Miami (OH),fbs,14,-45,Pittsburgh,-16.0,-800,525,-21.337290510554364,23.662709489445636,29.0,559.9238203819006,841.0,1,1,1,1,1.125,0.125
401858207,2026,1,true,Pittsburgh,fbs,59,Miami (OH),fbs,14,-45,Pittsburgh,-16.5,,,-21.337290510554364,23.662709489445636,28.5,559.9238203819006,812.25,1,1,1,1,0.0,0.0
401858207,2026,1,true,Pittsburgh,fbs,59,Miami (OH),fbs,14,-45,Pittsburgh,-16.5,-850,575,-21.337290510554364,23.662709489445636,28.5,559.9238203819006,812.25,1,1,1,1,1.1176470588235294,0.11764705882352944
401858432,2026,1,true,Ohio State,fbs,56,Ball State,fbs,3,-53,Ohio State,-50.333333333333336,,,-61.548782128783714,8.548782128783714,2.6666666666666643,73.0816758854118,7.111111111111098,1,1,1,0,0.0,0.0
401856665,2026,1,true,South Carolina,fbs,57,Kent State,fbs,0,-57,South Carolina,-36.5,-100000,-100000,-39.124037736717675,17.875962263282325,20.5,319.5500268382938,420.25,1,1,1,1,1.001,0.0009999999999998899
401856665,2026,1,true,South Carolina,fbs,57,Kent State,fbs,0,-57,South Carolina,-35.5,,,-39.124037736717675,17.875962263282325,21.5,319.5500268382938,462.25,1,1,1,1,0.0,0.0
401856665,2026,1,true,South Carolina,fbs,57,Kent State,fbs,0,-57,South Carolina,-35.5,-50000,4000,-39.124037736717675,17.875962263282325,21.5,319.5500268382938,462.25,1,1,1,1,1.002,0.0020000000000000018
401858209,2026,1,true,Duke,fbs,17,Tulane,fbs,3,-14,Duke,-9.5,-380,300,1.3153334171563493,15.31533341715635,4.5,234.55943767866597,20.25,0,1,0,0,-1.0,-1.0
401858209,2026,1,true,Duke,fbs,17,Tulane,fbs,3,-14,Duke,-8.0,-480,350,1.3153334171563493,15.31533341715635,6.0,234.55943767866597,36.0,0,1,0,0,-1.0,-1.0
401858209,2026,1,true,Duke,fbs,17,Tulane,fbs,3,-14,Duke,-9.5,,,1.3153334171563493,15.31533341715635,4.5,234.55943767866597,20.25,0,1,0,0,-1.0,-1.0
401858434,2026,1,true,Penn State,fbs,45,Marshall,fbs,0,-45,Penn State,-23.0,-3500,1100,-32.3141109119476,12.685889088052399,22.0,160.93178195436693,484.0,1,1,1,1,1.0285714285714285,0.02857142857142847
401858434,2026,1,true,Penn State,fbs,45,Marshall,fbs,0,-45,Penn State,-23.5,,,-32.3141109119476,12.685889088052399,21.5,160.93178195436693,462.25,1,1,1,1,0.0,0.0
401858434,2026,1,true,Penn State,fbs,45,Marshall,fbs,0,-45,Penn State,-23.5,-1800,1000,-32.3141109119476,12.685889088052399,21.5,160.93178195436693,462.25,1,1,1,1,1.0555555555555556,0.05555555555555558
401856777,2026,1,true,Cincinnati,fbs,34,Boston College,fbs,15,-19,Cincinnati,-7.0,-278,225,-12.993883271893555,6.006116728106445,12.0,36.07343815164007,144.0,1,1,1,1,1.3597122302158273,0.3597122302158273
401856777,2026,1,true,Cincinnati,fbs,34,Boston College,fbs,15,-19,Cincinnati,-7.0,,,-12.993883271893555,6.006116728106445,12.0,36.07343815164007,144.0,1,1,1,1,0.0,0.0
401856777,2026,1,true,Cincinnati,fbs,34,Boston College,fbs,15,-19,Cincinnati,-7.0,-270,220,-12.993883271893555,6.006116728106445,12.0,36.07343815164007,144.0,1,1,1,1,1.3703703703703702,0.37037037037037024
401856667,2026,1,true,Texas,fbs,59,Texas State,fbs,7,-52,Texas,-29.5,-9000,2500,-13.836512748214748,38.163487251785256,22.5,1456.4517592171758,506.25,1,1,0,0,1.011111111111111,0.011111111111111072
401856667,2026,1,true,Texas,fbs,59,Texas State,fbs,7,-52,Texas,-29.5,,,-13.836512748214748,38.163487251785256,22.5,1456.4517592171758,506.25,1,1,0,0,0.0,0.0
401856667,2026,1,true,Texas,fbs,59,Texas State,fbs,7,-52,Texas,-29.5,-10000,2500,-13.836512748214748,38.163487251785256,22.5,1456.4517592171758,506.25,1,1,0,0,1.01,0.010000000000000009
401856636,2026,1,true,Auburn,fbs,17,Baylor,fbs,16,-1,Auburn,-6.5,-270,220,-11.264286747298526,10.264286747298526,5.5,105.35558243076815,30.25,1,1,0,0,1.3703703703703702,0.37037037037037024
401856636,2026,1,true,Auburn,fbs,17,Baylor,fbs,16,-1,Auburn,-6.5,,,-11.264286747298526,10.264286747298526,5.5,105.35558243076815,30.25,1,1,0,0,0.0,0.0
401858433,2026,1,true,Oregon,fbs,34,Boise State,fbs,27,-7,Oregon,-24.5,-2800,1300,-23.683752233871257,16.683752233871257,17.5,278.34758860120417,306.25,1,1,1,1,1.0357142857142858,0.03571428571428581
401858433,2026,1,true,Oregon,fbs,34,Boise State,fbs,27,-7,Oregon,-25.0,-3300,1100,-23.683752233871257,16.683752233871257,18.0,278.34758860120417,324.0,1,1,1,1,1.0303030303030303,0.030303030303030276
401858433,2026,1,true,Oregon,fbs,34,Boise State,fbs,27,-7,Oregon,-24.5,,,-23.683752233871257,16.683752233871257,17.5,278.34758860120417,306.25,1,1,1,1,0.0,0.0
401856772,2026,1,true,Tulsa,fbs,24,Oklahoma State,fbs,10,-14,Tulsa,13.5,410,-550,-5.44174729110247,8.55825270889753,27.5,73.24368942935192,756.25,1,0,1,1,5.1,4.1
401856772,2026,1,true,Tulsa,fbs,24,Oklahoma State,fbs,10,-14,Tulsa,13.5,,,-5.44174729110247,8.55825270889753,27.5,73.24368942935192,756.25,1,0,1,1,0.0,0.0
401856772,2026,1,true,Tulsa,fbs,24,Oklahoma State,fbs,10,-14,Tulsa,13.0,390,-550,-5.44174729110247,8.55825270889753,27.0,73.24368942935192,729.0,1,0,1,1,4.9,3.9000000000000004
401858426,2026,1,true,Iowa,fbs,40,Northern Illinois,fbs,0,-40,Iowa,-32.0,-100000,4500,-24.885746773713397,15.114253226286603,8.0,228.440650588315,64.0,1,1,0,0,1.001,0.0009999999999998899
401858426,2026,1,true,Iowa,fbs,40,Northern Illinois,fbs,0,-40,Iowa,-31.5,,,-24.885746773713397,15.114253226286603,8.5,228.440650588315,72.25,1,1,0,0,0.0,0.0
401858426,2026,1,true,Iowa,fbs,40,Northern Illinois,fbs,0,-40,Iowa,-31.5,-10000,3000,-24.885746773713397,15.114253226286603,8.5,228.440650588315,72.25,1,1,0,0,1.01,0.010000000000000009
401860878,2026,1,true,Colorado State,fbs,35,Wyoming,fbs,13,-22,Colorado State,-2.5,-142,120,-6.077602983948392,15.922397016051608,19.5,253.52272673676916,380.25,1,1,1,1,1.704225352112676,0.704225352112676
401860878,2026,1,true,Colorado State,fbs,35,Wyoming,fbs,13,-22,Colorado State,-2.5,,,-6.077602983948392,15.922397016051608,19.5,253.52272673676916,380.25,1,1,1,1,0.0,0.0
401860878,2026,1,true,Colorado State,fbs,35,Wyoming,fbs,13,-22,Colorado State,-3.0,-180,155,-6.077602983948392,15.922397016051608,19.0,253.52272673676916,361.0,1,1,1,1,1.5555555555555556,0.5555555555555556
401856668,2026,1,true,Texas A&M,fbs,50,Missouri State,fbs,0,-50,Texas A&M,-39.166666666666664,,,-37.23550912925908,12.764490870740921,10.833333333333336,162.9322271892283,117.36111111111116,1,1,0,0,0.0,0.0
401862699,2026,1,true,South Florida,fbs,19,Florida International,fbs,9,-10,South Florida,-14.5,-460,340,-21.42897759324041,11.428977593240411,4.5,130.62152882679138,20.25,1,1,0,0,1.2173913043478262,0.21739130434782616
401862699,2026,1,true,South Florida,fbs,19,Florida International,fbs,9,-10,South Florida,-14.5,-650,470,-21.42897759324041,11.428977593240411,4.5,130.62152882679138,20.25,1,1,0,0,1.1538461538461537,0.15384615384615374
401862699,2026,1,true,South Florida,fbs,19,Florida International,fbs,9,-10,South Florida,-14.5,,,-21.42897759324041,11.428977593240411,4.5,130.62152882679138,20.25,1,1,0,0,0.0,0.0
401870763,2026,1,true,Troy,fbs,24,Sam Houston,fbs,21,-3,Troy,-16.5,-1300,725,-21.83922499561004,18.83922499561004,13.5,354.91639843521807,182.25,1,1,0,0,1.0769230769230769,0.07692307692307687
401870763,2026,1,true,Troy,fbs,24,Sam Houston,fbs,21,-3,Troy,-15.5,,,-21.83922499561004,18.83922499561004,12.5,354.91639843521807,156.25,1,1,0,0,0.0,0.0
401870763,2026,1,true,Troy,fbs,24,Sam Houston,fbs,21,-3,Troy,-16.5,-850,575,-21.83922499561004,18.83922499561004,13.5,354.91639843521807,182.25,1,1,0,0,1.1176470588235294,0.11764705882352944
401862695,2026,1,true,Memphis,fbs,42,Arkansas State,fbs,24,-18,Memphis,-10.5,-340,270,-28.62447611842937,10.62447611842937,7.5,112.87949279107603,56.25,1,1,1,0,1.2941176470588236,0.2941176470588236
401862695,2026,1,true,Memphis,fbs,42,Arkansas State,fbs,24,-18,Memphis,-10.5,-395,310,-28.62447611842937,10.62447611842937,7.5,112.87949279107603,56.25,1,1,1,0,1.2531645569620253,0.25316455696202533
401862695,2026,1,true,Memphis,fbs,42,Arkansas State,fbs,24,-18,Memphis,-10.5,,,-28.62447611842937,10.62447611842937,7.5,112.87949279107603,56.25,1,1,1,0,0.0,0.0
401858428,2026,1,true,Michigan,fbs,13,Western Michigan,fbs,12,-1,Michigan,-27.5,-7000,1300,-42.20172697987125,41.20172697987125,26.5,1697.5823061238507,702.25,1,1,0,0,1.0142857142857142,0.014285714285714235
401858428,2026,1,true,Michigan,fbs,13,Western Michigan,fbs,12,-1,Michigan,-27.5,-6500,2000,-42.20172697987125,41.20172697987125,26.5,1697.5823061238507,702.25,1,1,0,0,1.0153846153846153,0.01538461538461533
401858428,2026,1,true,Michigan,fbs,13,Western Michigan,fbs,12,-1,Michigan,-27.5,,,-42.20172697987125,41.20172697987125,26.5,1697.5823061238507,702.25,1,1,0,0,0.0,0.0
401856660,2026,1,true,LSU,fbs,51,Clemson,fbs,10,-41,LSU,-10.0,-480,350,-6.70240236128809,34.297597638711906,31.0,1176.3252037869765,961.0,1,1,0,0,1.2083333333333333,0.20833333333333326
401856660,2026,1,true,LSU,fbs,51,Clemson,fbs,10,-41,LSU,-10.0,,,-6.70240236128809,34.297597638711906,31.0,1176.3252037869765,961.0,1,1,0,0,0.0,0.0
401856660,2026,1,true,LSU,fbs,51,Clemson,fbs,10,-41,LSU,-10.0,-410,320,-6.70240236128809,34.297597638711906,31.0,1176.3252037869765,961.0,1,1,0,0,1.2439024390243902,0.24390243902439024
401856662,2026,1,true,Mississippi State,fbs,62,UL Monroe,fbs,13,-49,Mississippi State,-28.5,-100000,2500,-29.50669612411409,19.49330387588591,20.5,379.9888959976287,420.25,1,1,1,1,1.001,0.0009999999999998899
401856662,2026,1,true,Mississippi State,fbs,62,UL Monroe,fbs,13,-49,Mississippi State,-28.5,-4000,1600,-29.50669612411409,19.49330387588591,20.5,379.9888959976287,420.25,1,1,1,1,1.025,0.02499999999999991
401856662,2026,1,true,Mississippi State,fbs,62,UL Monroe,fbs,13,-49,Mississippi State,-28.5,,,-29.50669612411409,19.49330387588591,20.5,379.9888959976287,420.25,1,1,1,1,0.0,0.0
401856637,2026,1,true,Florida,fbs,66,Florida Atlantic,fbs,21,-45,Florida,-26.5,-6500,1300,-25.626553045741847,19.373446954258153,18.5,375.3304468894545,342.25,1,1,0,0,1.0153846153846153,0.01538461538461533
401856637,2026,1,true,Florida,fbs,66,Florida Atlantic,fbs,21,-45,Florida,-26.5,,,-25.626553045741847,19.373446954258153,18.5,375.3304468894545,342.25,1,1,0,0,0.0,0.0
401856637,2026,1,true,Florida,fbs,66,Florida Atlantic,fbs,21,-45,Florida,-25.5,-2400,1200,-25.626553045741847,19.373446954258153,19.5,375.3304468894545,380.25,1,1,1,1,1.0416666666666667,0.04166666666666674
401864497,2026,1,true,Hawai'i,fbs,6,UNLV,fbs,21,15,UNLV,3.0,130,-150,13.02489041207431,1.9751095879256901,12.0,3.9010578843159895,144.0,1,1,1,1,1.6666666666666665,0.6666666666666665
401864497,2026,1,true,Hawai'i,fbs,6,UNLV,fbs,21,15,UNLV,3.0,120,-142,13.02489041207431,1.9751095879256901,12.0,3.9010578843159895,144.0,1,1,1,1,1.704225352112676,0.704225352112676
401864497,2026,1,true,Hawai'i,fbs,6,UNLV,fbs,21,15,UNLV,2.5,,,13.02489041207431,1.9751095879256901,12.5,3.9010578843159895,156.25,1,1,1,1,0.0,0.0
401864498,2026,1,true,New Mexico,fbs,38,Central Michigan,fbs,7,-31,New Mexico,-11.0,-575,400,-16.878418538895886,14.121581461104114,20.0,199.4190629625994,400.0,1,1,1,1,1.1739130434782608,0.17391304347826075
401864498,2026,1,true,New Mexico,fbs,38,Central Michigan,fbs,7,-31,New Mexico,-10.5,-440,340,-16.878418538895886,14.121581461104114,20.5,199.4190629625994,420.25,1,1,1,1,1.2272727272727273,0.2272727272727273
401864498,2026,1,true,New Mexico,fbs,38,Central Michigan,fbs,7,-31,New Mexico,-11.5,,,-16.878418538895886,14.121581461104114,19.5,199.4190629625994,380.25,1,1,1,1,0.0,0.0
401858210,2026,1,true,California,fbs,24,UCLA,fbs,45,21,UCLA,2.5,110,-130,-4.385927930373757,25.385927930373757,18.5,644.4453368861305,342.25,0,1,0,0,-1.0,-1.0
401858210,2026,1,true,California,fbs,24,UCLA,fbs,45,21,UCLA,2.5,,,-4.385927930373757,25.385927930373757,18.5,644.4453368861305,342.25,0,1,0,0,-1.0,-1.0
401858210,2026,1,true,California,fbs,24,UCLA,fbs,45,21,UCLA,2.5,120,-142,-4.385927930373757,25.385927930373757,18.5,644.4453368861305,342.25,0,1,0,0,-1.0,-1.0
401864432,2026,1,true,Nevada,fbs,49,Western Kentucky,fbs,14,-35,Nevada,1.5,-108,-112,9.842859878416569,44.84285987841657,36.5,2010.8820820753024,1332.25,0,0,0,0,-1.0,-1.0
401864432,2026,1,true,Nevada,fbs,49,Western Kentucky,fbs,14,-35,Nevada,-1.0,120,-140,9.842859878416569,44.84285987841657,34.0,2010.8820820753024,1156.0,0,1,0,0,-1.0,-1.0
401864432,2026,1,true,Nevada,fbs,49,Western Kentucky,fbs,14,-35,Nevada,1.5,,,9.842859878416569,44.84285987841657,36.5,2010.8820820753024,1332.25,0,0,0,0,-1.0,-1.0
401858437,2026,1,true,Washington,fbs,24,Washington State,fbs,10,-14,Washington,-23.5,-2800,1300,-30.927550717883804,16.927550717883804,9.5,286.54197330652846,90.25,1,1,0,0,1.0357142857142858,0.03571428571428581
401858437,2026,1,true,Washington,fbs,24,Washington State,fbs,10,-14,Washington,-23.0,-2200,1000,-30.927550717883804,16.927550717883804,9.0,286.54197330652846,81.0,1,1,0,0,1.0454545454545454,0.045454545454545414
401858437,2026,1,true,Washington,fbs,24,Washington State,fbs,10,-14,Washington,-23.5,,,-30.927550717883804,16.927550717883804,9.5,286.54197330652846,90.25,1,1,0,0,0.0,0.0
401856661,2026,1,true,Ole Miss,fbs,41,Louisville,fbs,38,-3,Ole Miss,-6.5,-270,220,-15.79382550933461,12.79382550933461,3.5,163.681971163301,12.25,1,1,0,0,1.3703703703703702,0.37037037037037024
401856661,2026,1,true,Ole Miss,fbs,41,Louisville,fbs,38,-3,Ole Miss,-6.5,,,-15.79382550933461,12.79382550933461,3.5,163.681971163301,12.25,1,1,0,0,0.0,0.0
401856661,2026,1,true,Ole Miss,fbs,41,Louisville,fbs,38,-3,Ole Miss,-6.5,-258,210,-15.79382550933461,12.79382550933461,3.5,163.681971163301,12.25,1,1,0,0,1.3875968992248062,0.3875968992248062
401858438,2026,1,true,Notre Dame,fbs,41,Wisconsin,fbs,13,-28,Notre Dame,-20.5,-2500,1000,-36.82175308982302,8.82175308982302,7.5,77.82332757780199,56.25,1,1,1,0,1.04,0.040000000000000036
401858438,2026,1,true,Notre Dame,fbs,41,Wisconsin,fbs,13,-28,Notre Dame,-21.0,,,-36.82175308982302,8.82175308982302,7.0,77.82332757780199,49.0,1,1,1,0,0.0,0.0
401858438,2026,1,true,Notre Dame,fbs,41,Wisconsin,fbs,13,-28,Notre Dame,-21.0,-1800,1000,-36.82175308982302,8.82175308982302,7.0,77.82332757780199,49.0,1,1,1,0,1.0555555555555556,0.05555555555555558
401858212,2026,1,true,Florida State,fbs,24,SMU,fbs,27,3,SMU,3.0,130,-155,0.43648657123281787,2.563513428767182,0.0,6.5716010994696745,0.0,1,1,0,0,1.6451612903225805,0.6451612903225805
401858212,2026,1,true,Florida State,fbs,24,SMU,fbs,27,3,SMU,3.0,145,-170,0.43648657123281787,2.563513428767182,0.0,6.5716010994696745,0.0,1,1,0,0,1.5882352941176472,0.5882352941176472
401858212,2026,1,true,Florida State,fbs,24,SMU,fbs,27,3,SMU,3.0,,,0.43648657123281787,2.563513428767182,0.0,6.5716010994696745,0.0,1,1,0,0,0.0,0.0
401858214,2026,2,true,Boston College,fbs,28,Rutgers,fbs,21,-7,Boston College,-3.0,-148,124,-0.9038942877258451,6.096105712274155,4.0,37.162504855221584,16.0,1,1,0,0,1.6756756756756757,0.6756756756756757
401858214,2026,2,true,Boston College,fbs,28,Rutgers,fbs,21,-7,Boston College,-3.0,-170,145,-0.9038942877258451,6.096105712274155,4.0,37.162504855221584,16.0,1,1,0,0,1.5882352941176472,0.5882352941176472
401858214,2026,2,true,Boston College,fbs,28,Rutgers,fbs,21,-7,Boston College,-3.0,,,-0.9038942877258451,6.096105712274155,4.0,37.162504855221584,16.0,1,1,0,0,0.0,0.0
401856678,2026,2,true,Kansas,fbs,21,Missouri,fbs,38,17,Missouri,4.0,160,-192,2.574294016349816,14.425705983650184,13.0,208.10099312672074,169.0,1,1,0,0,1.5208333333333335,0.5208333333333335
401856678,2026,2,true,Kansas,fbs,21,Missouri,fbs,38,17,Missouri,4.0,175,-210,2.574294016349816,14.425705983650184,13.0,208.10099312672074,169.0,1,1,0,0,1.4761904761904763,0.4761904761904763
401856678,2026,2,true,Kansas,fbs,21,Missouri,fbs,38,17,Missouri,4.0,,,2.574294016349816,14.425705983650184,13.0,208.10099312672074,169.0,1,1,0,0,0.0,0.0
401858442,2026,2,true,Temple,fbs,9,Penn State,fbs,27,18,Penn State,24.5,1300,-2800,29.293488307564132,11.293488307564132,6.5,127.54287815308777,42.25,1,1,0,0,1.0357142857142858,0.03571428571428581
401858442,2026,2,true,Temple,fbs,9,Penn State,fbs,27,18,Penn State,24.0,1100,-3300,29.293488307564132,11.293488307564132,6.0,127.54287815308777,36.0,1,1,0,0,1.0303030303030303,0.030303030303030276
401858442,2026,2,true,Temple,fbs,9,Penn State,fbs,27,18,Penn State,24.5,,,29.293488307564132,11.293488307564132,6.5,127.54287815308777,42.25,1,1,0,0,0.0,0.0
401856683,2026,2,true,Texas A&M,fbs,48,Arizona State,fbs,20,-28,Texas A&M,-14.5,-750,525,-19.048496847368757,8.951503152631243,13.5,80.1294086915671,182.25,1,1,1,1,1.1333333333333333,0.1333333333333333
401856683,2026,2,true,Texas A&M,fbs,48,Arizona State,fbs,20,-28,Texas A&M,-15.0,-650,450,-19.048496847368757,8.951503152631243,13.0,80.1294086915671,169.0,1,1,1,1,1.1538461538461537,0.15384615384615374
401856683,2026,2,true,Texas A&M,fbs,48,Arizona State,fbs,20,-28,Texas A&M,-15.5,,,-19.048496847368757,8.951503152631243,12.5,80.1294086915671,156.25,1,1,1,1,0.0,0.0
401858224,2026,2,true,Purdue,fbs,36,Wake Forest,fbs,38,2,Wake Forest,3.0,124,-148,8.340320235359908,6.340320235359908,1.0,40.199660686914314,1.0,1,1,0,0,1.6756756756756757,0.6756756756756757
401858224,2026,2,true,Purdue,fbs,36,Wake Forest,fbs,38,2,Wake Forest,2.5,160,-185,8.340320235359908,6.340320235359908,0.5,40.199660686914314,0.25,1,1,0,0,1.5405405405405406,0.5405405405405406
401858224,2026,2,true,Purdue,fbs,36,Wake Forest,fbs,38,2,Wake Forest,2.5,,,8.340320235359908,6.340320235359908,0.5,40.199660686914314,0.25,1,1,0,0,0.0,0.0
401862702,2026,2,true,Army,fbs,24,South Florida,fbs,28,4,South Florida,-3.0,-166,140,10.54835875239635,6.54835875239635,7.0,42.88100235008588,49.0,1,0,1,1,2.4000000000000004,1.4000000000000004
401862702,2026,2,true,Army,fbs,24,South Florida,fbs,28,4,South Florida,-3.0,-175,150,10.54835875239635,6.54835875239635,7.0,42.88100235008588,49.0,1,0,1,1,2.5,1.5
401862702,2026,2,true,Army,fbs,24,South Florida,fbs,28,4,South Florida,-3.0,,,10.54835875239635,6.54835875239635,7.0,42.88100235008588,49.0,1,0,1,1,0.0,0.0
401856679,2026,2,true,Michigan,fbs,17,Oklahoma,fbs,10,-7,Michigan,5.5,170,-205,-4.268847659330403,2.7311523406695972,12.5,7.45919310794502,156.25,1,0,1,1,2.7,1.7000000000000002
401856679,2026,2,true,Michigan,fbs,17,Oklahoma,fbs,10,-7,Michigan,4.5,175,-210,-4.268847659330403,2.7311523406695972,11.5,7.45919310794502,132.25,1,0,1,1,2.75,1.75
401856679,2026,2,true,Michigan,fbs,17,Oklahoma,fbs,10,-7,Michigan,5.5,,,-4.268847659330403,2.7311523406695972,12.5,7.45919310794502,156.25,1,0,1,1,0.0,0.0
401856782,2026,2,true,Oklahoma State,fbs,39,Oregon,fbs,31,-8,Oklahoma State,23.5,1100,-2100,46.340777037083754,54.340777037083754,31.5,2952.920048994049,992.25,0,0,0,0,-1.0,-1.0
401856782,2026,2,true,Oklahoma State,fbs,39,Oregon,fbs,31,-8,Oklahoma State,24.0,1000,-2200,46.340777037083754,54.340777037083754,32.0,2952.920048994049,1024.0,0,0,0,0,-1.0,-1.0
401856782,2026,2,true,Oklahoma State,fbs,39,Oregon,fbs,31,-8,Oklahoma State,24.5,,,46.340777037083754,54.340777037083754,32.5,2952.920048994049,1056.25,0,0,0,0,-1.0,-1.0
401856781,2026,2,true,Kansas State,fbs,34,Washington State,fbs,7,-27,Kansas State,-17.5,-1050,675,-22.74399441193166,4.256005588068341,9.5,18.113583565668943,90.25,1,1,1,1,1.0952380952380953,0.09523809523809534
401856781,2026,2,true,Kansas State,fbs,34,Washington State,fbs,7,-27,Kansas State,-18.0,-1100,650,-22.74399441193166,4.256005588068341,9.0,18.113583565668943,81.0,1,1,1,1,1.0909090909090908,0.09090909090909083
401856781,2026,2,true,Kansas State,fbs,34,Washington State,fbs,7,-27,Kansas State,-17.5,,,-22.74399441193166,4.256005588068341,9.5,18.113583565668943,90.25,1,1,1,1,0.0,0.0
401858221,2026,2,true,Virginia Tech,fbs,44,Old Dominion,fbs,21,-23,Virginia Tech,-17.5,-1000,650,-3.1683615701860455,19.831638429813953,5.5,393.29388281087364,30.25,1,1,0,0,1.1,0.10000000000000009
401858221,2026,2,true,Virginia Tech,fbs,44,Old Dominion,fbs,21,-23,Virginia Tech,-18.0,-1200,700,-3.1683615701860455,19.831638429813953,5.0,393.29388281087364,25.0,1,1,0,0,1.0833333333333333,0.08333333333333326
401858221,2026,2,true,Virginia Tech,fbs,44,Old Dominion,fbs,21,-23,Virginia Tech,-17.5,,,-3.1683615701860455,19.831638429813953,5.5,393.29388281087364,30.25,1,1,0,0,0.0,0.0
401864571,2026,2,true,East Carolina,fbs,24,App State,fbs,27,3,App State,-6.5,-250,205,-7.3718393306082906,10.37183933060829,9.5,107.57505109995303,90.25,0,0,0,0,-1.0,-1.0
401864571,2026,2,true,East Carolina,fbs,24,App State,fbs,27,3,App State,-6.5,-350,275,-7.3718393306082906,10.37183933060829,9.5,107.57505109995303,90.25,0,0,0,0,-1.0,-1.0
401864571,2026,2,true,East Carolina,fbs,24,App State,fbs,27,3,App State,-6.5,,,-7.3718393306082906,10.37183933060829,9.5,107.57505109995303,90.25,0,0,0,0,-1.0,-1.0
401856673,2026,2,true,Georgia,fbs,70,Western Kentucky,fbs,20,-50,Georgia,-40.333333333333336,,,-42.88817531591388,7.111824684086123,9.666666666666664,50.578050337176684,93.4444444444444,1,1,1,1,0.0,0.0
401858216,2026,2,true,Syracuse,fbs,18,California,fbs,21,3,California,-3.5,-198,164,-9.378404519175422,12.378404519175422,6.5,153.2248984403425,42.25,0,0,0,0,-1.0,-1.0
401858216,2026,2,true,Syracuse,fbs,18,California,fbs,21,3,California,-4.0,-165,140,-9.378404519175422,12.378404519175422,7.0,153.2248984403425,49.0,0,0,0,0,-1.0,-1.0
401858216,2026,2,true,Syracuse,fbs,18,California,fbs,21,3,California,-4.0,,,-9.378404519175422,12.378404519175422,7.0,153.2248984403425,49.0,0,0,0,0,-1.0,-1.0
401856810,2026,2,true,BYU,fbs,28,Arizona,fbs,17,-11,BYU,-7.0,-270,220,-9.868213991690256,1.131786008309744,4.0,1.280939568605704,16.0,1,1,1,1,1.3703703703703702,0.37037037037037024
401856810,2026,2,true,BYU,fbs,28,Arizona,fbs,17,-11,BYU,-7.0,-310,255,-9.868213991690256,1.131786008309744,4.0,1.280939568605704,16.0,1,1,1,1,1.3225806451612903,0.32258064516129026
401856810,2026,2,true,BYU,fbs,28,Arizona,fbs,17,-11,BYU,-6.5,,,-9.868213991690256,1.131786008309744,4.5,1.280939568605704,20.25,1,1,1,1,0.0,0.0
401858444,2026,2,true,UConn,fbs,14,Maryland,fbs,38,24,Maryland,11.5,350,-455,-13.210214958216705,37.2102149582167,12.5,1384.6000972366942,156.25,0,1,0,0,-1.0,-1.0
401858444,2026,2,true,UConn,fbs,14,Maryland,fbs,38,24,Maryland,11.5,360,-500,-13.210214958216705,37.2102149582167,12.5,1384.6000972366942,156.25,0,1,0,0,-1.0,-1.0
401858444,2026,2,true,UConn,fbs,14,Maryland,fbs,38,24,Maryland,11.5,,,-13.210214958216705,37.2102149582167,12.5,1384.6000972366942,156.25,0,1,0,0,-1.0,-1.0
401860884,2026,2,true,Texas State,fbs,26,UTSA,fbs,31,5,UTSA,-2.5,-135,114,-4.201401159703013,9.201401159703014,7.5,84.66578330178397,56.25,0,0,0,0,-1.0,-1.0
401860884,2026,2,true,Texas State,fbs,26,UTSA,fbs,31,5,UTSA,-1.5,-110,-110,-4.201401159703013,9.201401159703014,6.5,84.66578330178397,42.25,0,0,0,0,-1.0,-1.0
401860884,2026,2,true,Texas State,fbs,26,UTSA,fbs,31,5,UTSA,-1.5,,,-4.201401159703013,9.201401159703014,6.5,84.66578330178397,42.25,0,0,0,0,-1.0,-1.0
401858440,2026,2,true,Michigan State,fbs,35,Eastern Michigan,fbs,7,-28,Michigan State,-17.5,-900,600,-16.841445456516063,11.158554543483937,10.5,124.51333949990602,110.25,1,1,0,0,1.1111111111111112,0.11111111111111116
401858440,2026,2,true,Michigan State,fbs,35,Eastern Michigan,fbs,7,-28,Michigan State,-17.5,-1000,625,-16.841445456516063,11.158554543483937,10.5,124.51333949990602,110.25,1,1,0,0,1.1,0.10000000000000009
401858440,2026,2,true,Michigan State,fbs,35,Eastern Michigan,fbs,7,-28,Michigan State,-17.5,,,-16.841445456516063,11.158554543483937,10.5,124.51333949990602,110.25,1,1,0,0,0.0,0.0
401862708,2026,2,true,UAB,fbs,26,UL Monroe,fbs,20,-6,UAB,-9.5,-360,285,-14.871293917673196,8.871293917673196,3.5,78.69985577374544,12.25,1,1,0,0,1.2777777777777777,0.2777777777777777
401862708,2026,2,true,UAB,fbs,26,UL Monroe,fbs,20,-6,UAB,-9.0,-435,325,-14.871293917673196,8.871293917673196,3.0,78.69985577374544,9.0,1,1,0,0,1.2298850574712643,0.2298850574712643
401862708,2026,2,true,UAB,fbs,26,UL Monroe,fbs,20,-6,UAB,-9.5,,,-14.871293917673196,8.871293917673196,3.5,78.69985577374544,12.25,1,1,0,0,0.0,0.0
401856674,2026,2,true,Kentucky,fbs,17,Alabama,fbs,45,28,Alabama,8.5,285,-360,17.115085452072655,10.884914547927345,19.5,118.48136471568034,380.25,1,1,1,1,1.2777777777777777,0.2777777777777777
401856674,2026,2,true,Kentucky,fbs,17,Alabama,fbs,45,28,Alabama,8.0,320,-430,17.115085452072655,10.884914547927345,20.0,118.48136471568034,400.0,1,1,1,1,1.2325581395348837,0.2325581395348837
401856674,2026,2,true,Kentucky,fbs,17,Alabama,fbs,45,28,Alabama,9.5,,,17.115085452072655,10.884914547927345,18.5,118.48136471568034,342.25,1,1,1,1,0.0,0.0
401856677,2026,2,true,Minnesota,fbs,13,Mississippi State,fbs,38,25,Mississippi State,-1.5,-110,-110,1.6843485414131405,23.31565145858686,26.5,543.6196029383036,702.25,1,0,1,1,1.9090909090909092,0.9090909090909092
401856677,2026,2,true,Minnesota,fbs,13,Mississippi State,fbs,38,25,Mississippi State,-1.0,-115,-105,1.6843485414131405,23.31565145858686,26.0,543.6196029383036,676.0,1,0,1,1,1.9523809523809523,0.9523809523809523
401856677,2026,2,true,Minnesota,fbs,13,Mississippi State,fbs,38,25,Mississippi State,1.5,,,1.6843485414131405,23.31565145858686,23.5,543.6196029383036,552.25,1,1,1,1,0.0,0.0
401859184,2026,2,true,Notre Dame,fbs,52,Rice,fbs,0,-52,Notre Dame,-44.666666666666664,,,-45.433463856531546,6.566536143468454,7.333333333333336,43.11939692347756,53.777777777777814,1,1,1,1,0.0,0.0
401856790,2026,2,true,Pittsburgh,fbs,12,UCF,fbs,7,-5,Pittsburgh,-7.0,-298,240,-1.732426693051448,3.267573306948552,2.0,10.677035316282696,4.0,1,1,1,0,1.3355704697986577,0.3355704697986577
401856790,2026,2,true,Pittsburgh,fbs,12,UCF,fbs,7,-5,Pittsburgh,-7.0,-300,250,-1.732426693051448,3.267573306948552,2.0,10.677035316282696,4.0,1,1,1,0,1.3333333333333333,0.33333333333333326
401856790,2026,2,true,Pittsburgh,fbs,12,UCF,fbs,7,-5,Pittsburgh,-7.5,,,-1.732426693051448,3.267573306948552,2.5,10.677035316282696,6.25,1,1,1,0,0.0,0.0
401858217,2026,2,true,Illinois,fbs,27,Duke,fbs,31,4,Duke,-6.5,-250,205,-13.300421911940102,17.300421911940102,10.5,299.30459833113724,110.25,0,0,0,0,-1.0,-1.0
401858217,2026,2,true,Illinois,fbs,27,Duke,fbs,31,4,Duke,-6.5,-235,195,-13.300421911940102,17.300421911940102,10.5,299.30459833113724,110.25,0,0,0,0,-1.0,-1.0
401858217,2026,2,true,Illinois,fbs,27,Duke,fbs,31,4,Duke,-6.0,,,-13.300421911940102,17.300421911940102,10.0,299.30459833113724,100.0,0,0,0,0,-1.0,-1.0
401858446,2026,2,true,Washington,fbs,16,Utah State,fbs,14,-2,Washington,-28.5,-6500,2000,-26.88868112542133,24.88868112542133,26.5,619.4464481629038,702.25,1,1,1,1,1.0153846153846153,0.01538461538461533
401858446,2026,2,true,Washington,fbs,16,Utah State,fbs,14,-2,Washington,-28.5,-5000,1300,-26.88868112542133,24.88868112542133,26.5,619.4464481629038,702.25,1,1,1,1,1.02,0.020000000000000018
401858446,2026,2,true,Washington,fbs,16,Utah State,fbs,14,-2,Washington,-28.5,,,-26.88868112542133,24.88868112542133,26.5,619.4464481629038,702.25,1,1,1,1,0.0,0.0
401862705,2026,2,true,North Texas,fbs,44,UNLV,fbs,6,-38,North Texas,3.0,124,-148,4.938866856530176,42.938866856530176,41.0,1843.7462869228257,1681.0,0,0,0,0,-1.0,-1.0
401862705,2026,2,true,North Texas,fbs,44,UNLV,fbs,6,-38,North Texas,2.5,160,-185,4.938866856530176,42.938866856530176,40.5,1843.7462869228257,1640.25,0,0,0,0,-1.0,-1.0
401862705,2026,2,true,North Texas,fbs,44,UNLV,fbs,6,-38,North Texas,3.0,,,4.938866856530176,42.938866856530176,41.0,1843.7462869228257,1681.0,0,0,0,0,-1.0,-1.0
401856684,2026,2,true,Vanderbilt,fbs,35,Delaware,fbs,26,-9,Vanderbilt,-20.5,-1350,800,-28.102051475200767,19.102051475200767,11.5,364.8883705612198,132.25,1,1,0,0,1.074074074074074,0.07407407407407396
401856684,2026,2,true,Vanderbilt,fbs,35,Delaware,fbs,26,-9,Vanderbilt,-21.0,-1800,850,-28.102051475200767,19.102051475200767,12.0,364.8883705612198,144.0,1,1,0,0,1.0555555555555556,0.05555555555555558
401856684,2026,2,true,Vanderbilt,fbs,35,Delaware,fbs,26,-9,Vanderbilt,-20.5,,,-28.102051475200767,19.102051475200767,11.5,364.8883705612198,132.25,1,1,0,0,0.0,0.0
401860881,2026,2,true,Boise State,fbs,38,Memphis,fbs,20,-18,Boise State,-9.5,-360,285,6.905167467146002,24.905167467146,8.5,620.2673665665875,72.25,0,1,0,0,-1.0,-1.0
401860881,2026,2,true,Boise State,fbs,38,Memphis,fbs,20,-18,Boise State,-9.0,-330,265,6.905167467146002,24.905167467146,9.0,620.2673665665875,81.0,0,1,0,0,-1.0,-1.0
401860881,2026,2,true,Boise State,fbs,38,Memphis,fbs,20,-18,Boise State,-9.5,,,6.905167467146002,24.905167467146,8.5,620.2673665665875,72.25,0,1,0,0,-1.0,-1.0
401866414,2026,2,true,Florida International,fbs,33,Buffalo,fbs,20,-13,Florida International,-8.5,-345,275,-7.3147447637620076,5.6852552362379924,4.5,32.32212710117151,20.25,1,1,0,0,1.289855072463768,0.28985507246376807
401866414,2026,2,true,Florida International,fbs,33,Buffalo,fbs,20,-13,Florida International,-9.0,-415,310,-7.3147447637620076,5.6852552362379924,4.0,32.32212710117151,16.0,1,1,0,0,1.2409638554216866,0.24096385542168663
401866414,2026,2,true,Florida International,fbs,33,Buffalo,fbs,20,-13,Florida International,-8.5,,,-7.3147447637620076,5.6852552362379924,4.5,32.32212710117151,20.25,1,1,0,0,0.0,0.0
401866418,2026,2,true,Ohio,fbs,29,Jacksonville State,fbs,27,-2,Ohio,-1.75,-125,105,-0.18456445659776577,1.8154355434022342,0.25,3.2958062122481655,0.0625,1,1,0,0,1.8,0.8
401866418,2026,2,true,Ohio,fbs,29,Jacksonville State,fbs,27,-2,Ohio,-1.5,,,-0.18456445659776577,1.8154355434022342,0.5,3.2958062122481655,0.25,1,1,0,0,0.0,0.0
401864575,2026,2,true,Tulane,fbs,28,South Alabama,fbs,24,-4,Tulane,-9.5,-360,285,-10.763991430949016,6.763991430949016,5.5,45.751580077951715,30.25,1,1,0,0,1.2777777777777777,0.2777777777777777
401864575,2026,2,true,Tulane,fbs,28,South Alabama,fbs,24,-4,Tulane,-9.5,-420,315,-10.763991430949016,6.763991430949016,5.5,45.751580077951715,30.25,1,1,0,0,1.2380952380952381,0.23809523809523814
401864575,2026,2,true,Tulane,fbs,28,South Alabama,fbs,24,-4,Tulane,-9.5,,,-10.763991430949016,6.763991430949016,5.5,45.751580077951715,30.25,1,1,0,0,0.0,0.0
401869955,2026,2,true,Kennesaw State,fbs,17,Georgia State,fbs,31,14,Georgia State,-7.0,-298,240,1.2188058809238775,12.781194119076122,21.0,163.35892310950607,441.0,1,0,1,1,3.4,2.4
401869955,2026,2,true,Kennesaw State,fbs,17,Georgia State,fbs,31,14,Georgia State,-7.5,-360,280,1.2188058809238775,12.781194119076122,21.5,163.35892310950607,462.25,1,0,1,1,3.8000000000000003,2.8000000000000003
401869955,2026,2,true,Kennesaw State,fbs,17,Georgia State,fbs,31,14,Georgia State,-7.5,,,1.2188058809238775,12.781194119076122,21.5,163.35892310950607,462.25,1,0,1,1,0.0,0.0
401871045,2026,2,true,Marshall,fbs,28,Middle Tennessee,fbs,26,-2,Marshall,-12.5,-535,400,-4.496771804484585,2.4967718044845846,10.5,6.233869443669208,110.25,1,1,1,1,1.1869158878504673,0.1869158878504673
401871045,2026,2,true,Marshall,fbs,28,Middle Tennessee,fbs,26,-2,Marshall,-13.0,-750,500,-4.496771804484585,2.4967718044845846,11.0,6.233869443669208,121.0,1,1,1,1,1.1333333333333333,0.1333333333333333
401871045,2026,2,true,Marshall,fbs,28,Middle Tennessee,fbs,26,-2,Marshall,-11.5,,,-4.496771804484585,2.4967718044845846,9.5,6.233869443669208,90.25,1,1,1,1,0.0,0.0
401858441,2026,2,true,Nebraska,fbs,56,Bowling Green,fbs,7,-49,Nebraska,-30.5,-9000,2500,-23.256458618318884,25.743541381681116,18.5,662.7299228703281,342.25,1,1,0,0,1.011111111111111,0.011111111111111072
401858441,2026,2,true,Nebraska,fbs,56,Bowling Green,fbs,7,-49,Nebraska,-30.5,-10000,1600,-23.256458618318884,25.743541381681116,18.5,662.7299228703281,342.25,1,1,0,0,1.01,0.010000000000000009
401858441,2026,2,true,Nebraska,fbs,56,Bowling Green,fbs,7,-49,Nebraska,-30.5,,,-23.256458618318884,25.743541381681116,18.5,662.7299228703281,342.25,1,1,0,0,0.0,0.0
401856681,2026,2,true,Georgia Tech,fbs,24,Tennessee,fbs,45,21,Tennessee,12.5,370,-485,14.963415160364306,6.036584839635694,8.5,36.440356526119494,72.25,1,1,1,1,1.2061855670103092,0.2061855670103092
401856681,2026,2,true,Georgia Tech,fbs,24,Tennessee,fbs,45,21,Tennessee,12.5,390,-550,14.963415160364306,6.036584839635694,8.5,36.440356526119494,72.25,1,1,1,1,1.1818181818181819,0.18181818181818188
401856681,2026,2,true,Georgia Tech,fbs,24,Tennessee,fbs,45,21,Tennessee,12.5,,,14.963415160364306,6.036584839635694,8.5,36.440356526119494,72.25,1,1,1,1,0.0,0.0
401862707,2026,2,true,Sam Houston,fbs,17,Tulsa,fbs,23,6,Tulsa,12.5,380,-500,10.066718768424803,4.066718768424803,6.5,16.538201541458545,42.25,1,1,1,1,1.2,0.19999999999999996
401862707,2026,2,true,Sam Houston,fbs,17,Tulsa,fbs,23,6,Tulsa,11.5,425,-600,10.066718768424803,4.066718768424803,5.5,16.538201541458545,30.25,1,1,1,1,1.1666666666666667,0.16666666666666674
401862707,2026,2,true,Sam Houston,fbs,17,Tulsa,fbs,23,6,Tulsa,12.5,,,10.066718768424803,4.066718768424803,6.5,16.538201541458545,42.25,1,1,1,1,0.0,0.0
401858443,2026,2,true,UCLA,fbs,28,San Diego State,fbs,10,-18,UCLA,-13.5,-535,400,-7.858852008204204,10.141147991795796,4.5,102.84288259150391,20.25,1,1,0,0,1.1869158878504673,0.1869158878504673
401858443,2026,2,true,UCLA,fbs,28,San Diego State,fbs,10,-18,UCLA,-13.5,-490,355,-7.858852008204204,10.141147991795796,4.5,102.84288259150391,20.25,1,1,0,0,1.2040816326530612,0.20408163265306123
401858443,2026,2,true,UCLA,fbs,28,San Diego State,fbs,10,-18,UCLA,-13.5,,,-7.858852008204204,10.141147991795796,4.5,102.84288259150391,20.25,1,1,0,0,0.0,0.0
401858219,2026,2,true,Clemson,fbs,22,Georgia Southern,fbs,7,-15,Clemson,-19.5,-1350,800,-12.009289038841995,2.9907109611580047,4.5,8.944352053190636,20.25,1,1,1,1,1.074074074074074,0.07407407407407396
401858219,2026,2,true,Clemson,fbs,22,Georgia Southern,fbs,7,-15,Clemson,-19.5,-1800,850,-12.009289038841995,2.9907109611580047,4.5,8.944352053190636,20.25,1,1,1,1,1.0555555555555556,0.05555555555555558
401858219,2026,2,true,Clemson,fbs,22,Georgia Southern,fbs,7,-15,Clemson,-20.5,,,-12.009289038841995,2.9907109611580047,5.5,8.944352053190636,30.25,1,1,1,1,0.0,0.0
401856788,2026,2,true,Iowa,fbs,16,Iowa State,fbs,13,-3,Iowa,-14.0,-625,455,-3.4470431376571504,0.4470431376571504,11.0,0.19984756692634995,121.0,1,1,1,1,1.16,0.15999999999999992
401856788,2026,2,true,Iowa,fbs,16,Iowa State,fbs,13,-3,Iowa,-14.0,-650,450,-3.4470431376571504,0.4470431376571504,11.0,0.19984756692634995,121.0,1,1,1,1,1.1538461538461537,0.15384615384615374
401856788,2026,2,true,Iowa,fbs,16,Iowa State,fbs,13,-3,Iowa,-14.0,,,-3.4470431376571504,0.4470431376571504,11.0,0.19984756692634995,121.0,1,1,1,1,0.0,0.0
401856783,2026,2,true,Oregon State,fbs,24,Texas Tech,fbs,35,11,Texas Tech,25.5,1400,-3200,24.934728323239582,13.934728323239582,14.5,194.17665344249542,210.25,1,1,1,1,1.03125,0.03125
401856783,2026,2,true,Oregon State,fbs,24,Texas Tech,fbs,35,11,Texas Tech,25.5,1300,-5000,24.934728323239582,13.934728323239582,14.5,194.17665344249542,210.25,1,1,1,1,1.02,0.020000000000000018
401856783,2026,2,true,Oregon State,fbs,24,Texas Tech,fbs,35,11,Texas Tech,25.5,,,24.934728323239582,13.934728323239582,14.5,194.17665344249542,210.25,1,1,1,1,0.0,0.0
401856682,2026,2,true,Texas,fbs,24,Ohio State,fbs,23,-1,Texas,-2.5,-142,120,2.2433816703660767,3.2433816703660767,1.5,10.519524659666642,2.25,0,1,1,0,-1.0,-1.0
401856682,2026,2,true,Texas,fbs,24,Ohio State,fbs,23,-1,Texas,-2.0,-110,-110,2.2433816703660767,3.2433816703660767,1.0,10.519524659666642,1.0,0,1,1,0,-1.0,-1.0
401856682,2026,2,true,Texas,fbs,24,Ohio State,fbs,23,-1,Texas,-2.5,,,2.2433816703660767,3.2433816703660767,1.5,10.519524659666642,2.25,0,1,1,0,-1.0,-1.0
401867796,2026,2,true,LSU,fbs,45,Louisiana Tech,fbs,14,-31,LSU,-34.5,-20000,3500,-27.400605685878283,3.5993943141217173,3.5,12.955639428531748,12.25,1,1,1,0,1.005,0.004999999999999893
401867796,2026,2,true,LSU,fbs,45,Louisiana Tech,fbs,14,-31,LSU,-34.75,,,-27.400605685878283,3.5993943141217173,3.75,12.955639428531748,14.0625,1,1,1,1,0.0,0.0
401862703,2026,2,true,Florida Atlantic,fbs,38,Navy,fbs,30,-8,Florida Atlantic,4.0,164,-198,4.872312117276648,12.872312117276648,12.0,165.69641924458722,144.0,0,0,0,0,-1.0,-1.0
401862703,2026,2,true,Florida Atlantic,fbs,38,Navy,fbs,30,-8,Florida Atlantic,4.5,185,-225,4.872312117276648,12.872312117276648,12.5,165.69641924458722,156.25,0,0,0,0,-1.0,-1.0
401862703,2026,2,true,Florida Atlantic,fbs,38,Navy,fbs,30,-8,Florida Atlantic,4.5,,,4.872312117276648,12.872312117276648,12.5,165.69641924458722,156.25,0,0,0,0,-1.0,-1.0
401856671,2026,2,true,Auburn,fbs,43,Southern Miss,fbs,8,-35,Auburn,-32.5,-10000,3000,-29.735836406400914,5.264163593599086,2.5,27.711418340174045,6.25,1,1,0,0,1.01,0.010000000000000009
401856671,2026,2,true,Auburn,fbs,43,Southern Miss,fbs,8,-35,Auburn,-32.75,,,-29.735836406400914,5.264163593599086,2.25,27.711418340174045,5.0625,1,1,0,0,0.0,0.0
401856676,2026,2,true,Ole Miss,fbs,41,Charlotte,fbs,9,-32,Ole Miss,-44.5,,,-44.31813387039175,12.318133870391748,12.5,151.73642204889236,156.25,1,1,1,1,0.0,0.0
401864502,2026,2,true,Air Force,fbs,32,North Dakota State,fbs,38,6,North Dakota State,1.5,105,-125,16.903903368834662,10.903903368834662,4.5,118.8951086768839,20.25,1,1,1,0,1.8,0.8
401864502,2026,2,true,Air Force,fbs,32,North Dakota State,fbs,38,6,North Dakota State,2.0,140,-165,16.903903368834662,10.903903368834662,4.0,118.8951086768839,16.0,1,1,1,0,1.606060606060606,0.606060606060606
401864502,2026,2,true,Air Force,fbs,32,North Dakota State,fbs,38,6,North Dakota State,1.5,,,16.903903368834662,10.903903368834662,4.5,118.8951086768839,20.25,1,1,1,0,0.0,0.0
401856670,2026,2,true,Utah,fbs,43,Arkansas,fbs,10,-33,Utah,-12.5,-500,380,4.349492095763848,37.34949209576385,20.5,1394.9845598115262,420.25,0,1,0,0,-1.0,-1.0
401856670,2026,2,true,Utah,fbs,43,Arkansas,fbs,10,-33,Utah,-12.5,-525,375,4.349492095763848,37.34949209576385,20.5,1394.9845598115262,420.25,0,1,0,0,-1.0,-1.0
401856670,2026,2,true,Utah,fbs,43,Arkansas,fbs,10,-33,Utah,-13.5,,,4.349492095763848,37.34949209576385,19.5,1394.9845598115262,380.25,0,1,0,0,-1.0,-1.0
401860883,2026,2,true,Fresno State,fbs,49,Sacramento State,fbs,3,-46,Fresno State,-17.5,-900,600,0.4960363255096141,46.496036325509614,28.5,2161.88139398311,812.25,0,1,0,0,-1.0,-1.0
401860883,2026,2,true,Fresno State,fbs,49,Sacramento State,fbs,3,-46,Fresno State,-18.5,-1100,650,0.4960363255096141,46.496036325509614,27.5,2161.88139398311,756.25,0,1,0,0,-1.0,-1.0
401860883,2026,2,true,Fresno State,fbs,49,Sacramento State,fbs,3,-46,Fresno State,-17.5,,,0.4960363255096141,46.496036325509614,28.5,2161.88139398311,812.25,0,1,0,0,-1.0,-1.0
401858445,2026,2,true,USC,fbs,49,Louisiana,fbs,30,-19,USC,-30.5,-5000,1800,-37.30356286319303,18.30356286319303,11.5,335.020413486859,132.25,1,1,0,0,1.02,0.020000000000000018
401858445,2026,2,true,USC,fbs,49,Louisiana,fbs,30,-19,USC,-31.0,-10000,1600,-37.30356286319303,18.30356286319303,12.0,335.020413486859,144.0,1,1,0,0,1.01,0.010000000000000009
401858445,2026,2,true,USC,fbs,49,Louisiana,fbs,30,-19,USC,-30.5,,,-37.30356286319303,18.30356286319303,11.5,335.020413486859,132.25,1,1,0,0,0.0,0.0
401864578,2026,2,true,Hawai'i,fbs,29,New Mexico State,fbs,19,-10,Hawai'i,-7.5,-298,240,-16.314512740064668,6.314512740064668,2.5,39.873071144439,6.25,1,1,1,0,1.3355704697986577,0.3355704697986577
401864578,2026,2,true,Hawai'i,fbs,29,New Mexico State,fbs,19,-10,Hawai'i,-7.5,-410,305,-16.314512740064668,6.314512740064668,2.5,39.873071144439,6.25,1,1,1,0,1.2439024390243902,0.24390243902439024
401864578,2026,2,true,Hawai'i,fbs,29,New Mexico State,fbs,19,-10,Hawai'i,-7.5,,,-16.314512740064668,6.314512740064668,2.5,39.873071144439,6.25,1,1,1,0,0.0,0.0
